{"cameraMode":{"drawMode":0,"name":"Shaded","section":"Shading Mode"},"sceneLighting":false,"audioPlay":false,"sceneViewState":{"showFog":true,"showMaterialUpdate":false,"showSkybox":true,"showFlares":true,"showImageEffects":true,"showParticleSystems":true},"in2DMode":false,"pivot":{"x":-0.25805705785751345,"y":-0.22224439680576325,"z":-1.0661933422088624},"rotation":{"x":-0.3024892807006836,"y":0.3312731981277466,"z":-0.11302857846021652,"w":-0.8865579962730408},"size":46.86610794067383,"orthographic":false}