{"cameraMode":{"drawMode":0,"name":"Shaded","section":"Shading Mode"},"sceneLighting":false,"audioPlay":false,"sceneViewState":{"showFog":true,"showMaterialUpdate":false,"showSkybox":true,"showFlares":true,"showImageEffects":true,"showParticleSystems":true},"in2DMode":false,"pivot":{"x":-0.25805705785751345,"y":-0.22224439680576325,"z":-1.0661933422088624},"rotation":{"x":-0.1858227401971817,"y":0.7432538866996765,"z":-0.23016735911369325,"w":-0.6000568866729736},"size":37.109352111816409,"orthographic":false}