{"cameraMode":{"drawMode":0,"name":"Shaded","section":"Shading Mode"},"sceneLighting":true,"audioPlay":false,"sceneViewState":{"showFog":true,"showMaterialUpdate":false,"showSkybox":true,"showFlares":true,"showImageEffects":true,"showParticleSystems":true},"in2DMode":false,"pivot":{"x":-21.710002899169923,"y":-7.0625,"z":77.93499755859375},"rotation":{"x":0.28185099363327029,"y":-0.4820898771286011,"z":0.1672305017709732,"w":0.8125167489051819},"size":160.0702667236328,"orthographic":true}