{"cameraMode":{"drawMode":0,"name":"Shaded","section":"Shading Mode"},"sceneLighting":true,"audioPlay":false,"sceneViewState":{"showFog":true,"showMaterialUpdate":false,"showSkybox":true,"showFlares":true,"showImageEffects":true,"showParticleSystems":true},"in2DMode":false,"pivot":{"x":-72.37210083007813,"y":13.848919868469239,"z":-5.084161281585693},"rotation":{"x":0.2738485634326935,"y":-0.5109673142433167,"z":0.17587578296661378,"w":0.7956055402755737},"size":30.202836990356447,"orthographic":false}