{"cameraMode":{"drawMode":0,"name":"Shaded","section":"Shading Mode"},"sceneLighting":true,"audioPlay":false,"sceneViewState":{"showFog":true,"showMaterialUpdate":false,"showSkybox":true,"showFlares":true,"showImageEffects":true,"showParticleSystems":true},"in2DMode":false,"pivot":{"x":-59.28999710083008,"y":0.0,"z":5.689999580383301},"rotation":{"x":-0.14531762897968293,"y":0.08654408901929856,"z":-0.01276557520031929,"w":-0.9855161905288696},"size":1253.171142578125,"orthographic":true}