{"cameraMode":{"drawMode":0,"name":"Shaded","section":"Shading Mode"},"sceneLighting":true,"audioPlay":false,"sceneViewState":{"showFog":true,"showMaterialUpdate":false,"showSkybox":true,"showFlares":true,"showImageEffects":true,"showParticleSystems":true},"in2DMode":false,"pivot":{"x":11.091896057128907,"y":0.06587791442871094,"z":-0.29465675354003909},"rotation":{"x":-0.11298076063394547,"y":0.6781126856803894,"z":-0.10665196925401688,"w":-0.718349277973175},"size":130.30303955078126,"orthographic":false}