{"cameraMode":{"drawMode":0,"name":"Shaded","section":"Shading Mode"},"sceneLighting":true,"audioPlay":false,"sceneViewState":{"showFog":true,"showMaterialUpdate":false,"showSkybox":false,"showFlares":true,"showImageEffects":true,"showParticleSystems":true},"in2DMode":false,"pivot":{"x":-48.70000076293945,"y":1.8500001430511475,"z":7.842129707336426},"rotation":{"x":-0.05064190924167633,"y":-0.9186694025993347,"z":0.3711964190006256,"w":-0.1253443956375122},"size":16.719314575195314,"orthographic":false}