{"cameraMode":{"drawMode":0,"name":"Shaded","section":"Shading Mode"},"sceneLighting":true,"audioPlay":false,"sceneViewState":{"showFog":true,"showMaterialUpdate":false,"showSkybox":true,"showFlares":true,"showImageEffects":true,"showParticleSystems":true},"in2DMode":false,"pivot":{"x":-87.52191925048828,"y":175.00003051757813,"z":125.01282501220703},"rotation":{"x":-0.03875013813376427,"y":0.8314885497093201,"z":-0.5510968565940857,"w":-0.05846577137708664},"size":13.085752487182618,"orthographic":false}