{"cameraMode":{"drawMode":0,"name":"Shaded","section":"Shading Mode"},"sceneLighting":false,"audioPlay":false,"sceneViewState":{"showFog":true,"showMaterialUpdate":false,"showSkybox":false,"showFlares":true,"showImageEffects":true,"showParticleSystems":true},"in2DMode":false,"pivot":{"x":-0.2580547332763672,"y":-0.2222442626953125,"z":-1.066192626953125},"rotation":{"x":0.3002602458000183,"y":-0.050047487020492557,"z":0.015777526423335077,"w":0.9524222016334534},"size":144.80572509765626,"orthographic":false}