{"cameraMode":{"drawMode":0,"name":"Shaded","section":"Shading Mode"},"sceneLighting":true,"audioPlay":false,"sceneViewState":{"showFog":true,"showMaterialUpdate":false,"showSkybox":true,"showFlares":true,"showImageEffects":true,"showParticleSystems":true},"in2DMode":false,"pivot":{"x":456.5795593261719,"y":214.94290161132813,"z":55.82154083251953},"rotation":{"x":0.16505827009677888,"y":-0.008872157894074917,"z":0.001484114327467978,"w":0.9862444400787354},"size":1703.7470703125,"orthographic":true}