{"cameraMode":{"drawMode":0,"name":"Shaded","section":"Shading Mode"},"sceneLighting":false,"audioPlay":false,"sceneViewState":{"showFog":true,"showMaterialUpdate":false,"showSkybox":false,"showFlares":true,"showImageEffects":true,"showParticleSystems":true},"in2DMode":false,"pivot":{"x":0.0,"y":2.17999267578125,"z":2.4726887204451486e-12},"rotation":{"x":-0.02099749445915222,"y":-0.009904886595904827,"z":0.0002085457817884162,"w":-0.999731719493866},"size":0.9815794825553894,"orthographic":false}