{"cameraMode":{"drawMode":0,"name":"Shaded","section":"Shading Mode"},"sceneLighting":false,"audioPlay":false,"sceneViewState":{"showFog":true,"showMaterialUpdate":false,"showSkybox":false,"showFlares":true,"showImageEffects":true,"showParticleSystems":true},"in2DMode":false,"pivot":{"x":-245.74703979492188,"y":284.07635498046877,"z":196.66050720214845},"rotation":{"x":0.2311461865901947,"y":0.7685049176216126,"z":-0.43532615900039675,"w":0.4080306887626648},"size":1843.4171142578125,"orthographic":false}