{"cameraMode":{"drawMode":0,"name":"Shaded","section":"Shading Mode"},"sceneLighting":false,"audioPlay":false,"sceneViewState":{"showFog":true,"showMaterialUpdate":false,"showSkybox":false,"showFlares":true,"showImageEffects":true,"showParticleSystems":true},"in2DMode":false,"pivot":{"x":-62.30000305175781,"y":-0.2222442626953125,"z":-1.066192626953125},"rotation":{"x":-0.282227486371994,"y":-0.6910775303840637,"z":0.3415314257144928,"w":-0.5710691213607788},"size":276.5899963378906,"orthographic":false}