{"cameraMode":{"drawMode":0,"name":"Shaded","section":"Shading Mode"},"sceneLighting":false,"audioPlay":false,"sceneViewState":{"showFog":true,"showMaterialUpdate":false,"showSkybox":false,"showFlares":true,"showImageEffects":true,"showParticleSystems":true},"in2DMode":false,"pivot":{"x":53.44998550415039,"y":-19.488636016845704,"z":-2.316192626953125},"rotation":{"x":-0.224830761551857,"y":0.2985747158527374,"z":-0.072579525411129,"w":-0.9247221350669861},"size":177.39662170410157,"orthographic":false}