{"cameraMode":{"drawMode":0,"name":"Shaded","section":"Shading Mode"},"sceneLighting":true,"audioPlay":false,"sceneViewState":{"showFog":true,"showMaterialUpdate":false,"showSkybox":true,"showFlares":true,"showImageEffects":true,"showParticleSystems":true},"in2DMode":false,"pivot":{"x":20.164161682128908,"y":7.3462982177734379,"z":32.97676086425781},"rotation":{"x":0.44284477829933169,"y":-0.38198381662368777,"z":0.21638356149196626,"w":0.7817691564559937},"size":270.8946228027344,"orthographic":false}