{"cameraMode":{"drawMode":0,"name":"Shaded","section":"Shading Mode"},"sceneLighting":true,"audioPlay":false,"sceneViewState":{"showFog":true,"showMaterialUpdate":false,"showSkybox":true,"showFlares":true,"showImageEffects":true,"showParticleSystems":true},"in2DMode":false,"pivot":{"x":-44.22355651855469,"y":2.8921051025390627,"z":-2.2758827209472658},"rotation":{"x":0.7206761240959168,"y":0.08576104044914246,"z":-0.09063082933425904,"w":0.6819510459899902},"size":334.40472412109377,"orthographic":false}