{"cameraMode":{"drawMode":0,"name":"Shaded","section":"Shading Mode"},"sceneLighting":true,"audioPlay":false,"sceneViewState":{"showFog":true,"showMaterialUpdate":false,"showSkybox":true,"showFlares":true,"showImageEffects":true,"showParticleSystems":true},"in2DMode":false,"pivot":{"x":-61.462074279785159,"y":9.719596862792969,"z":-2.192586898803711},"rotation":{"x":0.14396202564239503,"y":-0.5982782244682312,"z":0.11034876108169556,"w":0.7804971933364868},"size":17.81981658935547,"orthographic":false}