{"cameraMode":{"drawMode":0,"name":"Shaded","section":"Shading Mode"},"sceneLighting":true,"audioPlay":false,"sceneViewState":{"showFog":true,"showMaterialUpdate":false,"showSkybox":true,"showFlares":true,"showImageEffects":true,"showParticleSystems":true},"in2DMode":false,"pivot":{"x":-83.8943099975586,"y":3.1168975830078127,"z":57.0423698425293},"rotation":{"x":0.11802714318037033,"y":0.2624281048774719,"z":0.03235962241888046,"w":-0.9571619629859924},"size":16.004154205322267,"orthographic":false}