{"cameraMode":{"drawMode":0,"name":"Shaded","section":"Shading Mode"},"sceneLighting":false,"audioPlay":false,"sceneViewState":{"showFog":true,"showMaterialUpdate":false,"showSkybox":false,"showFlares":true,"showImageEffects":true,"showParticleSystems":true},"in2DMode":false,"pivot":{"x":-62.30000305175781,"y":-0.2222442626953125,"z":-1.066192626953125},"rotation":{"x":0.6137909293174744,"y":0.07592899352312088,"z":-0.05947808921337128,"w":0.7835550308227539},"size":313.8061828613281,"orthographic":false}