{"cameraMode":{"drawMode":0,"name":"Shaded","section":"Shading Mode"},"sceneLighting":true,"audioPlay":false,"sceneViewState":{"showFog":true,"showMaterialUpdate":false,"showSkybox":true,"showFlares":true,"showImageEffects":true,"showParticleSystems":true},"in2DMode":false,"pivot":{"x":-469.3787536621094,"y":-104.28775787353516,"z":81.0277328491211},"rotation":{"x":0.1186576783657074,"y":-0.6128292083740234,"z":0.09375560283660889,"w":0.7756123542785645},"size":715.533203125,"orthographic":false}