{"cameraMode":{"drawMode":0,"name":"Shaded","section":"Shading Mode"},"sceneLighting":true,"audioPlay":false,"sceneViewState":{"showFog":true,"showMaterialUpdate":false,"showSkybox":true,"showFlares":true,"showImageEffects":true,"showParticleSystems":true},"in2DMode":false,"pivot":{"x":8.936120986938477,"y":1.3297624588012696,"z":55.96929168701172},"rotation":{"x":0.1188766285777092,"y":0.7872352600097656,"z":-0.1604006290435791,"w":0.5834391713142395},"size":15.159923553466797,"orthographic":false}