{"cameraMode":{"drawMode":0,"name":"Shaded","section":"Shading Mode"},"sceneLighting":true,"audioPlay":false,"sceneViewState":{"showFog":true,"showMaterialUpdate":false,"showSkybox":true,"showFlares":true,"showImageEffects":true,"showParticleSystems":true},"in2DMode":false,"pivot":{"x":-21.710002899169923,"y":-7.0625,"z":77.93499755859375},"rotation":{"x":0.3706650137901306,"y":-0.16719749569892884,"z":0.06802426278591156,"w":0.9110576510429382},"size":169.00123596191407,"orthographic":false}