{"cameraMode":{"drawMode":0,"name":"Shaded","section":"Shading Mode"},"sceneLighting":false,"audioPlay":false,"sceneViewState":{"showFog":true,"showMaterialUpdate":false,"showSkybox":false,"showFlares":true,"showImageEffects":true,"showParticleSystems":true},"in2DMode":false,"pivot":{"x":-62.30000305175781,"y":-0.2222442626953125,"z":-1.066192626953125},"rotation":{"x":-0.5185081958770752,"y":-0.4807109832763672,"z":0.47984668612480166,"w":-0.5194379687309265},"size":186.69290161132813,"orthographic":false}