{"cameraMode":{"drawMode":0,"name":"Shaded","section":"Shading Mode"},"sceneLighting":true,"audioPlay":false,"sceneViewState":{"showFog":true,"showMaterialUpdate":false,"showSkybox":true,"showFlares":true,"showImageEffects":true,"showParticleSystems":true},"in2DMode":false,"pivot":{"x":45.2454833984375,"y":-2.0796408653259279,"z":-7.979935169219971},"rotation":{"x":0.5201472043991089,"y":0.15443472564220429,"z":-0.09626391530036926,"w":0.8344638347625732},"size":263.8756408691406,"orthographic":false}